type;code
ТО;230101137
ТО;230102887
ТО;230103001
ТО;230103710
ТО;230101596
ТО;230105848
ТО;230104959
ТО;230104757
ТО;230102589
ТО;230103522
ТО;230105448
ТО;230101203
ТО;230104015
ТО;230104976
ТО;230105581
ТО;230103209
ТО;230104305
ТО;230105739
ТО;2301475
ТО;230103300
ТО;230101874
ТО;230104194
ТО;230105668
ТО;2301143
ТО;230102556
ТО;230102990
ТО;230104735
ТО;230104606
ТО;2301150
ТО;230104362
ТО;230104871
ТО;230104882
ТО;230103165
ТО;230105364
ТО;230102572
ТО;230104351
ТО;230103517
ТО;230104667
ТО;230104122
ТО;230103775
ТО;230103390
ТО;230104297
ТО;230104639
ТО;230101258
ТО;230104169
ТО;230102768
ТО;230101912
ТО;2301553
ТО;230102105
ТО;230103490
ТО;230103842
ТО;230104535
ТО;230101829
ТО;230103472
ТО;230102686
ТО;230102430
ТО;230101983
ТО;230103665
ТО;230103703
ТО;230104156
ТО;230106257
ТО;230101030
ТО;230106326
ТО;230106344
ТО;2301762
ТО;230106517
ТО;230106518
ТО;230103389
ТО;230103427
ТО;230102737
ТО;230102600
ТО;230104094
ТО;2301232
ТО;230104482
ТО;230102041
ТО;230101954
ТО;2301104
ТО;230106343
ТО;230104624
ТО;230105233
ТО;230106207
ТО;230106429
ТО;230103269
ТО;2301974
ТТ;N230104861000005
ТТ;N230104913000006
ТТ;N230105034000001
ТТ;N230105367000010
ТТ;N230105367000012
ТТ;N230105660000003
ТТ;N230105729000002
ТТ;N230105729000003
ТТ;N230105729000004
ТТ;N230105729000005
ТТ;N230105788000001
ТТ;N230105871000001
ТТ;N230105886000001
ТТ;N230105886000003
ТТ;N230106128000019
ТТ;N230106128000029
ТТ;N230106239000018
ТТ;N230106240000018
ТТ;N230106270000012
ТТ;N230106270000048
ТТ;N230106425000015
ТТ;N230500921000005
ТТ;N230500921000006
ТТ;N230501016000006
ТТ;N2501015020002762
ТТ;N2501015020002779
ТТ;N250101502000534
ТТ;N250101502000536
ТТ;N250101642000238
ТТ;N250101642000239
ТТ;N2501016420002456
ТТ;N260102830000024
ТТ;N640103273000028
ТТ;N640103273000030
ТТ;N640103273000031
ТТ;N640103415000013
ТТ;N640103415000018
ТТ;N660103452000128
ТТ;N7701009780002491
ТТ;N7701009780003536
ТТ;N770100978000405
ТТ;N7701009780004375
ТТ;N7701021130001452
ТТ;N7701021130003185
ТТ;N7701021130003201
ТТ;N770102471003023
ТТ;N770102471003027
ТТ;N770102471003041
ТТ;N770102471003145
ТТ;N770102471003390
ТТ;N770102471003396
ТТ;N770102471003400
ТТ;N770102471003543
ТТ;N770102471003726
ТТ;N770102471003917
ТТ;N770102512000460
ТТ;N770102741000120
ТТ;N770103106000005
ТТ;N770103106000006
ТТ;N770103126000023
ТТ;N770103507000463
ТТ;N7701036370002357
ТТ;N770103809010006
ТТ;N7701038850001154
ТТ;N7701038850002929
ТТ;N7701038850002944
ТТ;N7701038850003023
ТТ;N770103914013001
ТТ;N770103914013073
ТТ;N770103914013110
ТТ;N770103914013111
ТТ;N77010407500010308
ТТ;N77010407500010309
ТТ;N77010407500010310
ТТ;N7701040750002146
ТТ;N7701040750002148
ТТ;N7701040750003661
ТТ;N7701040750005415
ТТ;N7701040750005416
ТТ;N7701040750005417
ТТ;N7701040750005786
ТТ;N7701040750007680
ТТ;N7701040750007684
ТТ;N7701040750007686
ТТ;N7701040750009851
ТТ;N770104426000001
ТТ;N770104657000178
ТТ;N770104657000181
ТТ;N770104725000047
ТТ;N770104725000070
ТТ;N7701047310001039
ТТ;N7701047310001040
ТТ;N7701047310001121
ТТ;N7701047310001125
ТТ;N7701047310001136
ТТ;N7701047310001147
ТТ;N7701047310001148
ТТ;N7701047310001150
ТТ;N7701047310004324
ТТ;N7701047310004413
ТТ;N770104781000002
ТТ;N770104915000003
ТТ;N770105016000034
ТТ;N770105382000214
ТТ;N770105382000256
ТТ;N770105525000003
ТТ;N770105978000228
ТТ;N770105978000229
ТТ;N770105978000387
ТТ;N770105978000388
ТТ;N770105978000389
ТТ;N770105978000550
ТТ;N770105978000744
ТТ;N770105978000753
ТТ;N770105978000926
ТТ;N770105978000945
ТТ;N770106165000154
ТТ;N770106165000390
ТТ;N770106165000474
ТТ;N7701066140001145
ТТ;N7701066140001155
ТТ;N7701066140001183
ТТ;N7701066140001201
ТТ;N7701066140001331
ТТ;N7701066140003533
ТТ;N770106614000573
ТТ;N77010664400010726
ТТ;N77010664400010730
ТТ;N77010664400010733
ТТ;N77010664400010758
ТТ;N77010664400010759
ТТ;N77010664400010764
ТТ;N77010664400010765
ТТ;N77010664400010766
ТТ;N77010664400014545
ТТ;N77010664400014546
ТТ;N77010664400014828
ТТ;N77010664400015514
ТТ;N77010664400015518
ТТ;N77010664400015519
ТТ;N77010664400015663
ТТ;N77010664400016458
ТТ;N77010664400018311
ТТ;N77010664400020496
ТТ;N77010664400021304
ТТ;N77010664400021305
ТТ;N77010664400021547
ТТ;N7701066440004720
ТТ;N7701066440007852
ТТ;N7701066440007858
ТТ;N7701066440008088
ТТ;N7701066440008096
ТТ;N7701066440009970
ТТ;N7701066440009981
ТТ;N7701066440009982
ТТ;N770106670000683
ТТ;N7701066810002470
ТТ;N7701066810002471
ТТ;N7701066810002472
ТТ;N7701066810002473
ТТ;N7701066810002474
ТТ;N7701066810002476
ТТ;N7701066810002485
ТТ;N7701066810002486
ТТ;N7701066810002513
ТТ;N7701066810002514
ТТ;N770106821000054
ТТ;N770106821000112
ТТ;N7701068610001387
ТТ;N7701068610001389
ТТ;N7701068610003692
ТТ;N7701068610003742
ТТ;N7701068610003743
ТТ;N7701068610004573
ТТ;N7701068610004575
ТТ;N7701068610004595
ТТ;N7701068610004600
ТТ;N7701068610004617
ТТ;N7701068610004618
ТТ;N7701068610005533
ТТ;N7701068610005538
ТТ;N7701068610006704
ТТ;N7701068610006743
ТТ;N7701068610006744
ТТ;N7701068610006745
ТТ;N7701068610006747
ТТ;N7701068610006749
ТТ;N7701068610006750
ТТ;N7701068610006752
ТТ;N7701068610006753
ТТ;N770106861000715
ТТ;N770106861000743
ТТ;N770106861000776
ТТ;N7701068610008515
ТТ;N7701068610008980
ТТ;N7701068610009132
ТТ;N7701068610009233
ТТ;N7701068610009234
ТТ;N7701068610009275
ТТ;N7701068610009277
ТТ;N7701068610009405
ТТ;N7701068610009533
ТТ;N7701068610009534
ТТ;N770106879000134
ТТ;N7701068790001710
ТТ;N7701068790002317
ТТ;N770106879000820
ТТ;N770106879000830
ТТ;N770106879000849
